variable,mean,std
a,3.25,2.217355782608345
b,19.0,13.140268896284683
